ID,NEW_TYPE,Big Category,Mid Category,Sub Category
1,010000,Auto Service,Automobile Service Related,Automobile Service Related
2,010100,Auto Service,Filling Station,Filling Station
3,010101,Auto Service,Filling Station,Sinopec
4,010102,Auto Service,Filling Station,PetroChina
5,010103,Auto Service,Filling Station,Shell
6,010104,Auto Service,Filling Station,Mobil
7,010105,Auto Service,Filling Station,Caltex
8,010107,Auto Service,Filling Station,FEOSO
9,010108,Auto Service,Filling Station,BP PetroChina
10,010109,Auto Service,Filling Station,BP Sinopec
11,010110,Auto Service,Filling Station,TOTAL
12,010111,Auto Service,Filling Station,ESSO
13,010112,Auto Service,Filling Station,TOTAL-SINOCHEM
14,010200,Auto Service,Other Energy Station,Other Energy Station
15,010300,Auto Service,Filling Station,Filling Station
16,010400,Auto Service,Automobile Maintenance/Decoration,Automobile Maintenance
17,010401,Auto Service,Automobile Maintenance/Decoration,Add Water Station
18,010500,Auto Service,Car Wash,Car Wash
19,010600,Auto Service,Automobile Club,Automobile Club
20,010700,Auto Service,Automobile Rescue,Automobile Rescue
21,010800,Auto Service,Automobile Parts Sales,Automobile Parts Sales
22,010900,Auto Service,Automobile Rental,Automobile Rental
23,010901,Auto Service,Automobile Rental,Rent-a-Car Return
24,011000,Auto Service,Used Automobile Dealer,Used Automobile Dealer
25,011100,Auto Service,Charging Station,Charging Station
26,020000,Auto Dealers,Automobile Sales,Automobile Sales
27,020100,Auto Dealers,Volkswagen Franchised Sales,Volkswagen Sales
28,020101,Auto Dealers,Volkswagen Franchised Sales,Shanghai Volkswagen Sales
29,020102,Auto Dealers,Volkswagen Franchised Sales,FAW-Volkswagen Sales
30,020103,Auto Dealers,Volkswagen Franchised Sales,Skoda Sales
31,020104,Auto Dealers,Volkswagen Franchised Sales,Import Volkswagen Sales
32,020105,Auto Dealers,Volkswagen Franchised Sales,Bentley Sales
33,020106,Auto Dealers,Volkswagen Franchised Sales,Lamborghini Sales
34,020200,Auto Dealers,Honda Franchised Sales,Honda Sales
35,020201,Auto Dealers,Honda Franchised Sales,GAC Honda Sales
36,020202,Auto Dealers,Honda Franchised Sales,Dongfeng Honda Sales
37,020203,Auto Dealers,Honda Franchised Sales,Acura Sales
38,020300,Auto Dealers,Audi Franchised Sales,Audi Sales
39,020301,Auto Dealers,Audi Franchised Sales,FAW-Audi Sales
40,020400,Auto Dealers,General Motors Franchised Sales,General Motors Sales
41,020401,Auto Dealers,General Motors Franchised Sales,Cadillac Sales
42,020402,Auto Dealers,General Motors Franchised Sales,Buick Sales
43,020403,Auto Dealers,General Motors Franchised Sales,Chevrolet Sales
44,020404,Auto Dealers,General Motors Franchised Sales,Opel Sales
45,020405,Auto Dealers,General Motors Franchised Sales,Saab Sales
46,020406,Auto Dealers,General Motors Franchised Sales,Vauxhall Sales
47,020407,Auto Dealers,General Motors Franchised Sales,Saturn Sales
48,020408,Auto Dealers,General Motors Franchised Sales,Daewoo Sales
49,020600,Auto Dealers,BMW Franchised Sales,BMW Sales
50,020601,Auto Dealers,BMW Franchised Sales,BMW MINI Sales
51,020602,Auto Dealers,BMW Franchised Sales,Rolls-Royce Sales
52,020700,Auto Dealers,Nissan Franchised Sales,Nissan Sales
53,020701,Auto Dealers,Nissan Franchised Sales,Dongfeng Nissan Sales
54,020702,Auto Dealers,Nissan Franchised Sales,Zhengzhou Nissan Sales
55,020703,Auto Dealers,Nissan Franchised Sales,Infiniti Sales
56,020800,Auto Dealers,Renault Franchised Sales,Renault Sales
57,020900,Auto Dealers,Mercedes-Benz Franchised Sales,Mercedes-Benz Sales
58,020904,Auto Dealers,Mercedes-Benz Franchised Sales,Maybach Sales
59,020905,Auto Dealers,Mercedes-Benz Franchised Sales,Smart Sales
60,021000,Auto Dealers,Toyota Franchised Sales,Toyota Sales
61,021001,Auto Dealers,Toyota Franchised Sales,FAW-Toyota Sales
62,021002,Auto Dealers,Toyota Franchised Sales,GAC Toyota Sales
63,021003,Auto Dealers,Toyota Franchised Sales,Lexus Sales
64,021004,Auto Dealers,Toyota Franchised Sales,Daihatsu Sales
65,021100,Auto Dealers,Subaru Franchised Sales,Subaru Sales
66,021200,Auto Dealers,Peugeot Citroen Franchised Sales,Citroen Sales
67,021201,Auto Dealers,Peugeot Citroen Franchised Sales,Dongfeng Citroen Sales
68,021202,Auto Dealers,Peugeot Citroen Franchised Sales,Dongfeng Peugeot Sales
69,021203,Auto Dealers,Peugeot Citroen,DS Sales
70,021300,Auto Dealers,Mitsubishi Franchised Sales,Mitsubishi Sales
71,021301,Auto Dealers,Mitsubishi Franchised Sales,GAC Mitsubishi Sales
72,021400,Auto Dealers,Fiat Franchised Sales,Fiat Sales
73,021401,Auto Dealers,Fiat Franchised Sales,Alfa Romeo Sales
74,021500,Auto Dealers,Ferrari Franchised Sales,Ferrari Sales
75,021501,Auto Dealers,Ferrari Franchised Sales,Maserati Sales
76,021600,Auto Dealers,Hyundai Franchised Sales,Hyundai Sales
77,021601,Auto Dealers,Hyundai Franchised Sales,Import Hyundai Sales
78,021602,Auto Dealers,Hyundai Franchised Sales,Beijing Hyundai Sales
79,021700,Auto Dealers,KIA Franchised Sales,KIA Sales
80,021701,Auto Dealers,KIA Franchised Sales,Import KIA Sales
81,021702,Auto Dealers,KIA Franchised Sales,Dongfeng Yueda KIA Sales
82,021800,Auto Dealers,Ford Franchised Sales,Ford Sales
83,021802,Auto Dealers,Ford Franchised Sales,Mazda Sales
84,021803,Auto Dealers,Ford Franchised Sales,Lincoln Sales
85,021804,Auto Dealers,Ford Franchised Sales,Mercury Sales
86,021900,Auto Dealers,JAGUAR Franchised Sales,JAGUAR Sales
87,022000,Auto Dealers,Land Rover Franchised Sales,Land Rover Sales
88,022100,Auto Dealers,Porsche Franchised Sales,Porsche Sales
89,022200,Auto Dealers,DFM Franchised Sales,DFM Sales
90,022300,Auto Dealers,Geely Franchised Sales,Geely Sales
91,022301,Auto Dealers,Geely Franchised Sales,Volvo Cars Sales
92,022400,Auto Dealers,Chery Franchised Sales,Chery Sales
93,022500,Auto Dealers,Chrysler Franchised Sales,Chrysler Sales
94,022501,Auto Dealers,Chrysler Franchised Sales,Jeep Sales
95,022502,Auto Dealers,Chrysler Franchised Sales,Dodge Sales
96,022600,Auto Dealers,ROEWE Sales,ROEWE Sales
97,022700,Auto Dealers,MG Sales,MG Sales
98,022800,Auto Dealers,JAC Sales,JAC Sales
99,022900,Auto Dealers,Hongqi Sales,Hongqi Sales
100,023000,Auto Dealers,Chang'an Sales,Chang'an Sales
101,023100,Auto Dealers,Haima Sales,Haima Sales
102,023200,Auto Dealers,BAIC MOTOR Sales,BAIC MOTOR Sales
103,023300,Auto Dealers,Great Wall Sales,Great Wall Sales
104,023301,Auto Dealers,Great Wall Sales,WEY Sales
105,023400,Auto Dealers,Luxgen Sales,Luxgen Sales
106,023500,Auto Dealers,GAC Trumpchi Sales,GAC Trumpchi Sales
107,025000,Auto Dealers,Truck Sales,Truck Sales
108,025100,Auto Dealers,Dongfeng Truck Sales,Dongfeng Truck Sales
109,025200,Auto Dealers,SINOTRUK Sales,SINOTRUK Sales
110,025300,Auto Dealers,FAW Jiefang Sales,FAW Jiefang Sales
111,025400,Auto Dealers,Foton Truck Sales,Foton Truck Sales
112,025500,Auto Dealers,Shaanxi Heavy-duty Truck Sales,Shaanxi Heavy-duty Truck Sales
113,025600,Auto Dealers,Beiben Trucks Sales,Beiben Trucks Sales
114,025700,Auto Dealers,JAC Truck Sales,JAC Truck Sales
115,025800,Auto Dealers,CAMC Sales,CAMC Sales
116,025900,Auto Dealers,Chengdu Dayun Automotive Sales,Chengdu Dayun Automotive Sales
117,026000,Auto Dealers,Mercedes-Benz Truck Sales,Mercedes-Benz Truck Sales
118,026100,Auto Dealers,MAN Sales,MAN Sales
119,026200,Auto Dealers,SCANIA Sales,SCANIA Sales
120,026300,Auto Dealers,Volvo Truck Sales,Volvo Truck Sales
121,029900,Auto Dealers,Qoros Sales,Qoros Sales
122,030000,Auto Repair,Automobile Repair,Automobile Repair
123,030100,Auto Repair,Automobile Comprehensive Repair,Automobile Comprehensive Repair
124,030200,Auto Repair,Volkswagen Franchised Repair,Volkswagen Repair
125,030201,Auto Repair,Volkswagen Franchised Repair,Shanghai Volkswagen Repair
126,030202,Auto Repair,Volkswagen Franchised Repair,FAW-Volkswagen Repair
127,030203,Auto Repair,Volkswagen Franchised Repair,Skoda Repair
128,030204,Auto Repair,Volkswagen Franchised Repair,Import Volkswagen Repair
129,030205,Auto Repair,Volkswagen Franchised Repair,Bentley Repair
130,030206,Auto Repair,Volkswagen Franchised Repair,Lamborghini Repair
131,030300,Auto Repair,Honda Franchised Repair,Honda Repair
132,030301,Auto Repair,Honda Franchised Repair,GAC Honda Repair
133,030302,Auto Repair,Honda Franchised Repair,Dongfeng Honda Repair
134,030303,Auto Repair,Honda Franchised Repair,Acura Repair
135,030400,Auto Repair,Audi Franchised Repair,Audi Repair
136,030401,Auto Repair,Audi Franchised Repair,FAW-Audi Repair
137,030500,Auto Repair,General Motors Franchised Repair,General Motors Repair
138,030501,Auto Repair,General Motors Franchised Repair,Cadillac Repair
139,030502,Auto Repair,General Motors Franchised Repair,Buick Repair
140,030503,Auto Repair,General Motors Franchised Repair,Chevrolet Repair
141,030504,Auto Repair,General Motors Franchised Repair,Opel Repair
142,030505,Auto Repair,General Motors Franchised Repair,Saab Repair
143,030506,Auto Repair,General Motors Franchised Repair,Vauxhall Repair
144,030507,Auto Repair,General Motors Franchised Repair,Saturn Repair
145,030508,Auto Repair,General Motors Franchised Repair,Daewoo Repair
146,030700,Auto Repair,BMW Franchised Repair,BMW Repair
147,030701,Auto Repair,BMW Franchised Repair,BMW MINI Repair
148,030702,Auto Repair,BMW Franchised Repair,Rolls-Royce Repair
149,030800,Auto Repair,Nissan Franchised Repair,Nissan Repair
150,030801,Auto Repair,Nissan Franchised Repair,Infiniti Repair
151,030802,Auto Repair,Nissan Franchised Repair,Dongfeng Nissan Repair
152,030803,Auto Repair,Nissan Franchised Repair,Zhengzhou Nissan Repair
153,030900,Auto Repair,Renault Franchised Repair,Renault Repair
154,031000,Auto Repair,Mercedes-Benz Franchised Repair,Mercedes-Benz Repair
155,031004,Auto Repair,Mercedes-Benz Franchised Repair,Maybach Repair
156,031005,Auto Repair,Mercedes-Benz Franchised Repair,Smart Repair
157,031100,Auto Repair,Toyota Franchised Repair,Toyota Repair
158,031101,Auto Repair,Toyota Franchised Repair,FAW-Toyota Repair
159,031102,Auto Repair,Toyota Franchised Repair,GAC Toyota Repair
160,031103,Auto Repair,Toyota Franchised Repair,Lexus Repair
161,031104,Auto Repair,Toyota Franchised Repair,Daihatsu Repair
162,031200,Auto Repair,Subaru Franchised Repair,Subaru Repair
163,031300,Auto Repair,Peugeot Citroen Franchised Repair,Citroen Repair
164,031301,Auto Repair,Peugeot Citroen Franchised Repair,Dongfeng Peugeot Repair
165,031302,Auto Repair,Peugeot Citroen Franchised Repair,Dongfeng Citroen Repair
166,031303,Auto Repair,Peugeot Citroen,DS Repair
167,031400,Auto Repair,Mitsubishi Franchised Repair,Mitsubishi Repair
168,031401,Auto Repair,Mitsubishi Franchised Repair,GAC Mitsubishi Repair
169,031500,Auto Repair,Fiat Franchised Repair,Fiat Repair
170,031501,Auto Repair,Fiat Franchised Repair,Alfa Romeo Repair
171,031600,Auto Repair,Ferrari Franchised Repair,Ferrari Repair
172,031601,Auto Repair,Ferrari Franchised Repair,Maserati Repair
173,031700,Auto Repair,Hyundai Franchised Repair,Hyundai Repair
174,031701,Auto Repair,Hyundai Franchised Repair,Import Hyundai Repair
175,031702,Auto Repair,Hyundai Franchised Repair,Beijing Hyundai Repair
176,031800,Auto Repair,KIA Franchised Repair,KIA Repair
177,031801,Auto Repair,KIA Franchised Repair,Import KIA Repair
178,031802,Auto Repair,KIA Franchised Repair,Dongfeng Yueda KIA Repair
179,031900,Auto Repair,Ford Franchised Repair,Ford Repair
180,031902,Auto Repair,Ford Franchised Repair,Mazda Repair
181,031903,Auto Repair,Ford Franchised Repair,Lincoln Repair
182,031904,Auto Repair,Ford Franchised Repair,Mercury Repair
183,032000,Auto Repair,JAGUAR Franchised Repair,JAGUAR Repair
184,032100,Auto Repair,Land Rover Franchised Repair,Land Rover Repair
185,032200,Auto Repair,Porsche Franchised Repair,Porsche Repair
186,032300,Auto Repair,DFM Franchised Repair,DFM Repair
187,032400,Auto Repair,Geely Franchised Repair,Geely Repair
188,032401,Auto Repair,Geely Franchised Repair,Volvo Cars Repair
189,032500,Auto Repair,Chery Franchised Repair,Chery Repair
190,032600,Auto Repair,Chrysler Franchised Repair,Chrysler Repair
191,032601,Auto Repair,Chrysler Franchised Repair,Jeep Repair
192,032602,Auto Repair,Chrysler Franchised Repair,Dodge Repair
193,032700,Auto Repair,ROEWE Repair,ROEWE Repair
194,032800,Auto Repair,MG Repair,MG Repair
195,032900,Auto Repair,JAC Repair,JAC Repair
196,033000,Auto Repair,Hongqi Repair,Hongqi Repair
197,033100,Auto Repair,Chang'an Repair,Chang'an Repair
198,033200,Auto Repair,Haima Repair,Haima Repair
199,033300,Auto Repair,BAIC MOTOR Repair,BAIC MOTOR Repair
200,033400,Auto Repair,Great Wall Repair,Great Wall Repair
201,033401,Auto Repair,Great Wall Repair,WEY Repair
202,033500,Auto Repair,Luxgen Repair,Luxgen Repair
203,033600,Auto Repair,GAC Trumpchi Repair,GAC Trumpchi Repair
204,035000,Auto Repair,Truck Repair,Truck Repair
205,035100,Auto Repair,Dongfeng Truck Repair,Dongfeng Truck Repair
206,035200,Auto Repair,SINOTRUK Repair,SINOTRUK Repair
207,035300,Auto Repair,FAW Jiefang Repair,FAW Jiefang Repair
208,035400,Auto Repair,Foton Truck Repair,Foton Truck Repair
209,035500,Auto Repair,Shaanxi Heavy-duty Truck Repair,Shaanxi Heavy-duty Truck Repair
210,035600,Auto Repair,Beiben Trucks Repair,Beiben Trucks Repair
211,035700,Auto Repair,JAC Truck Repair,JAC Truck Repair
212,035800,Auto Repair,CAMC Repair,CAMC Repair
213,035900,Auto Repair,Chengdu Dayun Automotive Repair,Chengdu Dayun Automotive Repair
214,036000,Auto Repair,Mercedes-Benz Truck Repair,Mercedes-Benz Truck Repair
215,036100,Auto Repair,MAN Repair,MAN Repair
216,036200,Auto Repair,SCANIA Repair,SCANIA Repair
217,036300,Auto Repair,Volvo Truck Repair,Volvo Truck Repair
218,039900,Auto Repair,Qoros Repair,Qoros Repair
219,040000,Motorcycle Service,Motorcycle Service Related,Motorcycle Service Related
220,040100,Motorcycle Service,Motorcycle Sales,Motorcycle Sales
221,040101,Motorcycle Service,Motorcycle Sales,BMW Motorcycle Sales
222,040200,Motorcycle Service,Motorcycle Repair,Motorcycle Repair
223,040201,Motorcycle Service,Motorcycle Repair,BMW Motorcycle Repair
224,050000,Food & Beverages,Food & Beverages Related,Food & Beverages Related
225,050100,Food & Beverages,Chinese Food Restaurant,Chinese Food Restaurant
226,050101,Food & Beverages,Chinese Food Restaurant,Complex Food
227,050102,Food & Beverages,Chinese Food Restaurant,Sichuan Food
228,050103,Food & Beverages,Chinese Food Restaurant,Cantonese Food
229,050104,Food & Beverages,Chinese Food Restaurant,Shandong Food
230,050105,Food & Beverages,Chinese Food Restaurant,Jiangsu Food
231,050106,Food & Beverages,Chinese Food Restaurant,Zhejiang Food
232,050107,Food & Beverages,Chinese Food Restaurant,Shanghai Food
233,050108,Food & Beverages,Chinese Food Restaurant,Hunan Food
234,050109,Food & Beverages,Chinese Food Restaurant,Anhui Food
235,050110,Food & Beverages,Chinese Food Restaurant,Fujian Food
236,050111,Food & Beverages,Chinese Food Restaurant,Beijing Food
237,050112,Food & Beverages,Chinese Food Restaurant,Hubei Food
238,050113,Food & Beverages,Chinese Food Restaurant,Northeastern Chinese Food
239,050114,Food & Beverages,Chinese Food Restaurant,Yunnan & Guizhou Food
240,050115,Food & Beverages,Chinese Food Restaurant,Northwestern Chinese Food
241,050116,Food & Beverages,Chinese Food Restaurant,Traditional Brand
242,050117,Food & Beverages,Chinese Food Restaurant,Hotpot Restaurant
243,050118,Food & Beverages,Chinese Food Restaurant,Local Special Food
244,050119,Food & Beverages,Chinese Food Restaurant,Sea Food
245,050120,Food & Beverages,Chinese Food Restaurant,Vegetarian Food
246,050121,Food & Beverages,Chinese Food Restaurant,Islamic Food
247,050122,Food & Beverages,Chinese Food Restaurant,Taiwan Food
248,050123,Food & Beverages,Chinese Food Restaurant,Chaozhou Food
249,050200,Food & Beverages,Foreign Food Restaurant,Foreign Food Restaurant
250,050201,Food & Beverages,Foreign Food Restaurant,Western Restaurant
251,050202,Food & Beverages,Foreign Food Restaurant,Japanese Cuisine
252,050203,Food & Beverages,Foreign Food Restaurant,South Korean Cuisine
253,050204,Food & Beverages,Foreign Food Restaurant,French Food
254,050205,Food & Beverages,Foreign Food Restaurant,Italian Food
255,050206,Food & Beverages,Foreign Food Restaurant,Thai/Vietnamese Food
256,050207,Food & Beverages,Foreign Food Restaurant,Mediterranean Food
257,050208,Food & Beverages,Foreign Food Restaurant,American Food
258,050209,Food & Beverages,Foreign Food Restaurant,Indian Food
259,050210,Food & Beverages,Foreign Food Restaurant,British Food
260,050211,Food & Beverages,Foreign Food Restaurant,Steak House
261,050212,Food & Beverages,Foreign Food Restaurant,Russian Food
262,050213,Food & Beverages,Foreign Food Restaurant,Portuguese Food
263,050214,Food & Beverages,Foreign Food Restaurant,German Food
264,050215,Food & Beverages,Foreign Food Restaurant,Brazilian Food
265,050216,Food & Beverages,Foreign Food Restaurant,Mexican Food
266,050217,Food & Beverages,Foreign Food Restaurant,Other Asian Food
267,050300,Food & Beverages,Fast Food Restaurant,Fast Food Restaurant
268,050301,Food & Beverages,Fast Food Restaurant,KFC
269,050302,Food & Beverages,Fast Food Restaurant,McDonald's
270,050303,Food & Beverages,Fast Food Restaurant,Pizza Hut
271,050304,Food & Beverages,Fast Food Restaurant,Yon ho
272,050305,Food & Beverages,Fast Food Restaurant,Teahouse
273,050306,Food & Beverages,Fast Food Restaurant,Cafe de Coral
274,050307,Food & Beverages,Fast Food Restaurant,Fairwood
275,050308,Food & Beverages,Fast Food Restaurant,Maxim's
276,050309,Food & Beverages,Fast Food Restaurant,Yoshinoya
277,050310,Food & Beverages,Fast Food Restaurant,Saint's Alp Teahouse
278,050311,Food & Beverages,Fast Food Restaurant,Xiabu Xiabu
279,050400,Food & Beverages,Leisure Food Restaurant,Leisure Food Restaurant
280,050500,Food & Beverages,Coffee House,Coffee House
281,050501,Food & Beverages,Coffee House,Starbucks Coffee
282,050502,Food & Beverages,Coffee House,UBC Coffee
283,050503,Food & Beverages,Coffee House,Pacific Coffee Company
284,050504,Food & Beverages,Coffee House,Paris Cafe
285,050600,Food & Beverages,Tea House,Tea House
286,050700,Food & Beverages,Icecream Shop,Icecream Shop
287,050800,Food & Beverages,Bakery,Bakery
288,050900,Food & Beverages,Dessert House,Dessert House
289,060000,Shopping,Shopping Related Places,Shopping Related Places
290,060100,Shopping,Shopping Plaza,Shopping Plaza
291,060101,Shopping,Shopping Plaza,Shopping Centre
292,060102,Shopping,Shopping Plaza,Shops
293,060103,Shopping,Shopping Plaza,Duty-free Shop
294,060200,Shopping,Convenience Store,Convenience Store
295,060201,Shopping,Convenience Store,7-ELEVEn
296,060202,Shopping,Convenience Store,Circle K
297,060300,Shopping,Home Electronics Hypermarket,Home Electronics Hypermarket
298,060301,Shopping,Home Electronics Hypermarket,Comprehensive Home Electronics Shopping Center
299,060302,Shopping,Home Electronics Hypermarket,GOME
300,060303,Shopping,Home Electronics Hypermarket,Dazhong
301,060304,Shopping,Home Electronics Hypermarket,Suning
302,060305,Shopping,Home Electronics Hypermarket,Mobile Handsets Sales
303,060306,Shopping,Home Electronics Hypermarket,Digital Electronics
304,060307,Shopping,Home Electronics Hypermarket,Fortress
305,060308,Shopping,Home Electronics Hypermarket,Suning Citicall
306,060400,Shopping,Supermarket,Supermarket
307,060401,Shopping,Supermarket,Carrefour
308,060402,Shopping,Supermarket,Wal-Mart
309,060403,Shopping,Supermarket,CRC
310,060404,Shopping,Supermarket,Beijing Hualian
311,060405,Shopping,Supermarket,Shanghai Hualian
312,060406,Shopping,Supermarket,METRO
313,060407,Shopping,Supermarket,LOTTE Mart
314,060408,Shopping,Supermarket,Ito Yokado
315,060409,Shopping,Supermarket,Lotus
316,060411,Shopping,Supermarket,Watsons
317,060413,Shopping,Supermarket,Wellcome
318,060414,Shopping,Supermarket,PARKnSHOP
319,060415,Shopping,Supermarket,Mannings
320,060500,Shopping,Plants & Pet Market,Plants & Pet Market
321,060501,Shopping,Plants & Pet Market,Flower Shop
322,060502,Shopping,Plants & Pet Market,Pet Market
323,060600,Shopping,Home Building Materials Market,Home Building Materials Market
324,060601,Shopping,Home Building Materials Market,Home Building Materials Market
325,060602,Shopping,Home Building Materials Market,Furniture Store
326,060603,Shopping,Home Building Materials Market,Hardware Store
327,060604,Shopping,Home Building Materials Market,Kitchen Supply
328,060605,Shopping,Home Building Materials Market,Deco Cloth Store
329,060606,Shopping,Home Building Materials Market,Lighting & Porcelain Market
330,060700,Shopping,Comprehensive Market,Comprehensive Market
331,060701,Shopping,Comprehensive Market,Small Commodity Market
332,060702,Shopping,Comprehensive Market,Flea Market
333,060703,Shopping,Comprehensive Market,Agricultural Products Market
334,060704,Shopping,Comprehensive Market,Fruits Market
335,060705,Shopping,Comprehensive Market,Vegetable Market
336,060706,Shopping,Comprehensive Market,Seafood Market
337,060800,Shopping,Stationary Store,Stationary Store
338,060900,Shopping,Sports Store,Sports Store
339,060901,Shopping,Sports Store,Li-Ning
340,060902,Shopping,Sports Store,NIKE
341,060903,Shopping,Sports Store,adidas
342,060904,Shopping,Sports Store,Reebok
343,060905,Shopping,Sports Store,PUMA
344,060906,Shopping,Sports Store,Golf Accessories Shop
345,060907,Shopping,Sports Store,Outdoor Sports Shop
346,061000,Shopping,Commercial Street,Commercial Street
347,061001,Shopping,Commercial Street,Pedestrian Street
348,061100,Shopping,Clothing Store,Clothing Store
349,061101,Shopping,Clothing Store,Brand Clothing Store
350,061102,Shopping,Clothing Store,Brand Shoes Store
351,061103,Shopping,Clothing Store,Brand Leather Ware Store
352,061104,Shopping,Clothing Store,Brand Bags and Suitcases Store
353,061200,Shopping,Franchise Store,Franchise Store
354,061201,Shopping,Franchise Store,Antique Shop
355,061202,Shopping,Franchise Store,Jewelry Store
356,061203,Shopping,Franchise Store,Watches Shop
357,061204,Shopping,Franchise Store,Optical Shop
358,061205,Shopping,Franchise Store,Bookstore
359,061206,Shopping,Franchise Store,CD/DVD Shop
360,061207,Shopping,Franchise Store,Children's Store
361,061208,Shopping,Franchise Store,Bike Shop
362,061209,Shopping,Franchise Store,Gift Store
363,061210,Shopping,Franchise Store,Tobacco & Wine Franchise Store
364,061211,Shopping,Franchise Store,Pet's Store
365,061212,Shopping,Franchise Store,Camera Shop
366,061213,Shopping,Franchise Store,BMW Lifestyle
367,061214,Shopping,Franchise Store,Local Products Franchise Store
368,061300,Shopping,Special Trade House,Special Trade House
369,061301,Shopping,Special Trade House,Auction House
370,061302,Shopping,Special Trade House,Pawn House
371,061400,Shopping,Personal Care Items Shop,Personal Care Items Shop
372,061401,Shopping,Personal Care Items Shop,Sasa
373,070000,Daily Life Service,Daily Life Service Place,Daily Life Service Place
374,070100,Daily Life Service,Travel Agency,Travel Agency
375,070200,Daily Life Service,Information Centre,Information Centre
376,070201,Daily Life Service,Information Centre,Service Centre
377,070202,Daily Life Service,Information Centre,Enquire of Hotel
378,070203,Daily Life Service,Information Centre,Enquire of Baggage
379,070300,Daily Life Service,Ticket Office,Ticket Office
380,070301,Daily Life Service,Ticket Office,Airline Tickets Office
381,070302,Daily Life Service,Ticket Office,Train Ticket Office
382,070303,Daily Life Service,Ticket Office,Coach Ticket Office
383,070304,Daily Life Service,Ticket Office,Ferry Ticket Office
384,070305,Daily Life Service,Ticket Office,Bus IC Card
385,070306,Daily Life Service,Ticket Office,Park Box Office
386,070400,Daily Life Service,Post Office,Post Office
387,070401,Daily Life Service,Post Office,Express Post
388,070500,Daily Life Service,Logistics Service,Logistics Service
389,070501,Daily Life Service,Logistics Service,Logistics Warehouse Space
390,070600,Daily Life Service,Telecom Office,Telecom Office
391,070601,Daily Life Service,Telecom Office,China Telecom Office
392,070603,Daily Life Service,Telecom Office,China Mobile Office
393,070604,Daily Life Service,Telecom Office,China Unicom Office
394,070605,Daily Life Service,Telecom Office,China Tietong Office
395,070606,Daily Life Service,Telecom Office,China Satcom Office
396,070607,Daily Life Service,Telecom Office,Hutchison Telecommunications
397,070608,Daily Life Service,Telecom Office,SmarTone
398,070609,Daily Life Service,Telecom Office,PCCW
399,070610,Daily Life Service,Telecom Office,China Mobile Hong Kong
400,070700,Daily Life Service,Professional Service Firm,Professional Service Firm
401,070701,Daily Life Service,Professional Service Firm,Law Firm
402,070702,Daily Life Service,Professional Service Firm,Accounting Firm
403,070703,Daily Life Service,Professional Service Firm,Evaluation Firm
404,070704,Daily Life Service,Professional Service Firm,Audit Firm
405,070705,Daily Life Service,Professional Service Firm,Authentication Services
406,070706,Daily Life Service,Professional Service Firm,Patent Office
407,070800,Daily Life Service,Job Center,Job Center
408,070900,Daily Life Service,Water Supply Service Office,Water Supply Service Office
409,071000,Daily Life Service,Electric Supply Service Office,Electric Supply Service Office
410,071100,Daily Life Service,Beauty and Hairdressing Store,Beauty and Hairdressing Store
411,071200,Daily Life Service,Repair Store,Repair Store
412,071300,Daily Life Service,Photo Finishing,Photo Finishing
413,071400,Daily Life Service,Bath & Massage Center,Bath & Massage Center
414,071500,Daily Life Service,Laundry,Laundry
415,071600,Daily Life Service,Agency,Agency
416,071700,Daily Life Service,Move Service,Move Service
417,071800,Daily Life Service,Lottery Store,Lottery Store
418,071801,Daily Life Service,Lottery Store,Horse-Betting Center
419,071900,Daily Life Service,Funeral Facilities,Funeral Facilities
420,071901,Daily Life Service,Funeral Facilities,Cemetery
421,071902,Daily Life Service,Funeral Facilities,Cemetery
422,071903,Daily Life Service,Funeral Facilities,Funeral House
423,072000,Daily Life Service,Baby Service Place,Baby Service Place
424,072001,Daily Life Service,Baby Service Place,Baby Natatorium
425,080000,Sports & Recreation,Sports & Recreation Places,Sports & Recreation Places
426,080100,Sports & Recreation,Sports Stadium,Sports Places
427,080101,Sports & Recreation,Sports Stadium,Sports Centre
428,080102,Sports & Recreation,Sports Stadium,Bowling Hall
429,080103,Sports & Recreation,Sports Stadium,Tennis Court
430,080104,Sports & Recreation,Sports Stadium,Basketball Stadium
431,080105,Sports & Recreation,Sports Stadium,Football Field
432,080106,Sports & Recreation,Sports Stadium,Ski Field
433,080107,Sports & Recreation,Sports Stadium,Skating Rink
434,080108,Sports & Recreation,Sports Stadium,Outdoor Gym Facility
435,080109,Sports & Recreation,Sports Stadium,Public Beach
436,080110,Sports & Recreation,Sports Stadium,Natatorium
437,080111,Sports & Recreation,Sports Stadium,Gym Center
438,080112,Sports & Recreation,Sports Stadium,Table Tennis Hall
439,080113,Sports & Recreation,Sports Stadium,Pool Room
440,080114,Sports & Recreation,Sports Stadium,Squash Court
441,080115,Sports & Recreation,Sports Stadium,Horse Riding Club
442,080116,Sports & Recreation,Sports Stadium,Race Track
443,080117,Sports & Recreation,Sports Stadium,Rugby Court
444,080118,Sports & Recreation,Sports Stadium,Badminton Court
445,080119,Sports & Recreation,Sports Stadium,Taekwondo Venue
446,080200,Sports & Recreation,Golf Related,Golf Related
447,080201,Sports & Recreation,Golf Related,Golf Course
448,080202,Sports & Recreation,Golf Related,Golf Training Course
449,080300,Sports & Recreation,Recreation Center,Recreation Center
450,080301,Sports & Recreation,Recreation Center,Night Club
451,080302,Sports & Recreation,Recreation Center,KTV
452,080303,Sports & Recreation,Recreation Center,Disco
453,080304,Sports & Recreation,Recreation Center,Pub
454,080305,Sports & Recreation,Recreation Center,Game Center
455,080306,Sports & Recreation,Recreation Center,Card & Chess Room
456,080307,Sports & Recreation,Recreation Center,Lottery Center
457,080308,Sports & Recreation,Recreation Center,Internet Bar
458,080400,Sports & Recreation,Holiday & Nursing Resort,Holiday & Nursing Resort
459,080401,Sports & Recreation,Holiday & Nursing Resort,Resort
460,080402,Sports & Recreation,Holiday & Nursing Resort,Nursing Home
461,080500,Sports & Recreation,Recreation Place,Recreation Place
462,080501,Sports & Recreation,Recreation Place,Amusement Park
463,080502,Sports & Recreation,Recreation Place,Fishing Spot
464,080503,Sports & Recreation,Recreation Place,Plucking Park
465,080504,Sports & Recreation,Recreation Place,Camping Site
466,080505,Sports & Recreation,Recreation Place,Water Sports Centre
467,080600,Sports & Recreation,Theatre & Cinema,Theatre & Cinema Related
468,080601,Sports & Recreation,Theatre & Cinema,Cinema
469,080602,Sports & Recreation,Theatre & Cinema,Concert Hall
470,080603,Sports & Recreation,Theatre & Cinema,Theatre
471,090000,Medical Service,Medical and Health Care Service Place,Medical and Health Care Service Place
472,090100,Medical Service,Hospital,Hospital
473,090101,Medical Service,Hospital,AAA Class Hospital
474,090102,Medical Service,Hospital,Health Center
475,090200,Medical Service,Special Hospital,Special Hospital
476,090201,Medical Service,Special Hospital,Plastic Surgery
477,090202,Medical Service,Special Hospital,Stomatological Hospital
478,090203,Medical Service,Special Hospital,Ophthalmology Hospital
479,090204,Medical Service,Special Hospital,ENT Hospital
480,090205,Medical Service,Special Hospital,Chest Hospital
481,090206,Medical Service,Special Hospital,Orthopedic Hospital
482,090207,Medical Service,Special Hospital,Tumor Hospital
483,090208,Medical Service,Special Hospital,Brain Hospital
484,090209,Medical Service,Special Hospital,Maternity Hospital
485,090210,Medical Service,Special Hospital,Psychiatric Hospital
486,090211,Medical Service,Special Hospital,Infectious Disease Hospital
487,090300,Medical Service,Clinic,Clinic
488,090400,Medical Service,Emergency Center,Emergency Center
489,090500,Medical Service,Disease Prevention Institution,Disease Prevention
490,090600,Medical Service,Pharmacy,Medicine Health Care Related
491,090601,Medical Service,Pharmacy,Pharmacy
492,090602,Medical Service,Pharmacy,Medical Supplies
493,090700,Medical Service,Veterinary Hospital,Veterinary Hospital
494,090701,Medical Service,Veterinary Hospital,Pet Clinic
495,090702,Medical Service,Veterinary Hospital,Veterinary Station
496,100000,Accommodation Service,Accommodation Service Related,Accommodation Service Related
497,100100,Accommodation Service,Hotel,Hotel
498,100101,Accommodation Service,Hotel,Luxury Hotel
499,100102,Accommodation Service,Hotel,Five-star Hotel
500,100103,Accommodation Service,Hotel,Four-star Hotel
501,100104,Accommodation Service,Hotel,Three-star Hotel
502,100105,Accommodation Service,Hotel,Economical Chain Hotel
503,100200,Accommodation Service,Hostel,Hostel
504,100201,Accommodation Service,Hostel,Youth Hostel
505,110000,Tourist Attraction,Tourist Attraction Related,Tourist Attraction
506,110100,Tourist Attraction,Park & Square,Park & Square
507,110101,Tourist Attraction,Park & Square,Park
508,110102,Tourist Attraction,Park & Square,Zoo
509,110103,Tourist Attraction,Park & Square,Botanical Garden
510,110104,Tourist Attraction,Park & Square,Aquarium
511,110105,Tourist Attraction,Park & Square,City Plaza
512,110106,Tourist Attraction,Park & Plaza,Facilities within the park
513,110200,Tourist Attraction,Scenery Spot,Scenery Spot
514,110201,Tourist Attraction,Scenery Spot,World Heritage
515,110202,Tourist Attraction,Scenery Spot,National View Spot
516,110203,Tourist Attraction,Scenery Spot,Provincial View Spot
517,110204,Tourist Attraction,Scenery Spot,Memorial Hall
518,110205,Tourist Attraction,Scenery Spot,Buddhist & Taoist Temple
519,110206,Tourist Attraction,Scenery Spot,Church
520,110207,Tourist Attraction,Scenery Spot,Mosque
521,110208,Tourist Attraction,Scenery Spot,Beach
522,110209,Tourist Attraction,Scenery Spot,View Point
523,120000,Commercial House,Commercial House Related,Commercial House Related
524,120100,Commercial House,Industrial Park,Industrial Park
525,120200,Commercial House,Building,Building Related
526,120201,Commercial House,Building,Business Office Building
527,120202,Commercial House,Building,Industrial Building
528,120203,Commercial House,Building,Commercial-residential Building
529,120300,Commercial House,Residential Area,Residential Area
530,120301,Commercial House,Residential Area,Villa
531,120302,Commercial House,Residential Area,Residential Quarter
532,120303,Commercial House,Residential Area,Dormitory
533,120304,Commercial House,Residential Area,Community Center
534,130000,Governmental Organization & Social Group,Governmental & Social Groups Related,Governmental & Social Groups Related
535,130100,Governmental Organization & Social Group,Governmental Organization,Governmental Organization Related
536,130101,Governmental Organization & Social Group,Governmental Organization,State Level Organization & Institution
537,130102,Governmental Organization & Social Group,Governmental Organization,Provincial Level Government and Institution
538,130103,Governmental Organization & Social Group,Governmental Organization,Prefecture Level Government and Institution
539,130104,Governmental Organization & Social Group,Governmental Organization,District & County Level Government and Institution
540,130105,Governmental Organization & Social Group,Governmental Organization,Town Level Government and Institution
541,130106,Governmental Organization & Social Group,Governmental Organization,Below Town level Government and Institution
542,130107,Governmental Organization & Social Group,Governmental Organization,Non-local Government Representative Office
543,130200,Governmental Organization & Social Group,Foreign Organization,Foreign Organization Related
544,130201,Governmental Organization & Social Group,Foreign Organization,Foreign Embassy and Consulate
545,130202,Governmental Organization & Social Group,Foreign Organization,Representative Office of International Organization
546,130300,Governmental Organization & Social Group,Democratic Party,Democratic Party
547,130400,Governmental Organization & Social Group,Social Group,Social Group Related
548,130401,Governmental Organization & Social Group,Social Group,Communist Youth League
549,130402,Governmental Organization & Social Group,Social Group,Young Pioneer
550,130403,Governmental Organization & Social Group,Social Group,Women's Federation
551,130404,Governmental Organization & Social Group,Social Group,Disabled Persons' Federation
552,130405,Governmental Organization & Social Group,Social Group,Red Cross
553,130406,Governmental Organization & Social Group,Social Group,Consumers' Association
554,130407,Governmental Organization & Social Group,Social Group,Industry Association
555,130408,Governmental Organization & Social Group,Social Group,Charity Organizations
556,130409,Governmental Organization & Social Group,Social Group,Church
557,130500,Governmental Organization & Social Group,Public Security Organization,Public Security Organization
558,130501,Governmental Organization & Social Group,Public Security Organization,Police Station
559,130502,Governmental Organization & Social Group,Public Security Organization,Procuratorate
560,130503,Governmental Organization & Social Group,Public Security Organization,Court
561,130504,Governmental Organization & Social Group,Public Security Organization,Fire Fighting Organization
562,130505,Governmental Organization & Social Group,Public Security Organization,Notarial Survey Organization
563,130506,Governmental Organization & Social Group,Public Security Organization,Social Security Organization
564,130600,Governmental Organization & Social Group,Traffic Vehicle Management,Traffic Vehicle Management Related
565,130601,Governmental Organization & Social Group,Traffic Vehicle Management,Traffic Management Authority
566,130602,Governmental Organization & Social Group,Traffic Vehicle Management,Vehicle Management Authority
567,130603,Governmental Organization & Social Group,Traffic Vehicle Management,Vehicle Assessment Service
568,130604,Governmental Organization & Social Group,Traffic Vehicle Management,Traffic Management Station
569,130605,Governmental Organization & Social Group,Traffic Vehicle Management,Vehicle Pass Card Office
570,130606,Governmental Organization & Social Group,Traffic Vehicle Management,Truck Related Checkpoints
571,130700,Governmental Organization & Social Group,Industrial and Commercial Taxation Institution,Industrial and Commercial Taxation Institution
572,130701,Governmental Organization & Social Group,Industrial and Commercial Taxation Institution,Administration for Industry & Commerce
573,130702,Governmental Organization & Social Group,Industrial and Commercial Taxation Institution,State Tax Authority
574,130703,Governmental Organization & Social Group,Industrial and Commercial Taxation Institution,Local Tax Authority
575,140000,Science/Culture & Education Service,Science & Education Cultural Place,Science & Education Cultural Place
576,140100,Science/Culture & Education Service,Museum,Museum
577,140101,Science/Culture & Education Service,Museum,Audi Museum
578,140102,Science/Culture & Education Service,Museum,Mercedes-Benz Museum
579,140200,Science/Culture & Education Service,Exhibition Hall,Exhibition Hall
580,140201,Science/Culture & Education Service,Exhibition Hall,Indoor Booth
581,140300,Science/Culture & Education Service,Convention & Exhibition Center,Convention & Exhibition Center
582,140400,Science/Culture & Education Service,Art Gallery,Art Gallery
583,140500,Science/Culture & Education Service,Library,Library
584,140600,Science/Culture & Education Service,Science & Technology Museum,Science & Technology Museum
585,140700,Science/Culture & Education Service,Planetarium,Planetarium
586,140800,Science/Culture & Education Service,Cultural Palace,Cultural Palace
587,140900,Science/Culture & Education Service,Archives Hall,Archives Hall
588,141000,Science/Culture & Education Service,Arts Organization,Arts Organization
589,141100,Science/Culture & Education Service,Media Organization,Media Organization
590,141101,Science/Culture & Education Service,Media Organization,TV Station
591,141102,Science/Culture & Education Service,Media Organization,Radio Station
592,141103,Science/Culture & Education Service,Media Organization,Newspaper Office
593,141104,Science/Culture & Education Service,Media Organization,Journal Publisher
594,141105,Science/Culture & Education Service,Media Organization,Publishing House
595,141200,Science/Culture & Education Service,School,School
596,141201,Science/Culture & Education Service,School,University & College
597,141202,Science/Culture & Education Service,School,Middle School
598,141203,Science/Culture & Education Service,School,Elementary School
599,141204,Science/Culture & Education Service,School,Kindergarten
600,141205,Science/Culture & Education Service,School,Adult Education
601,141206,Science/Culture & Education Service,School,Vocational Technical School
602,141207,Culture & Education,School,Facilities within the School
603,141300,Science/Culture & Education Service,Research Institution,Research Institution
604,141400,Science/Culture & Education Service,Training Institution,Training Institution
605,141500,Science/Culture & Education Service,Driving School,Driving School
606,150000,Transportation Service,Transportation Service Related,Transportation Service Related
607,150100,Transportation Service,Airport Related,Airport Related
608,150101,Transportation Service,Airport Related,Departure Lounge
609,150102,Transportation Service,Airport Related,The Ferry Station
610,150104,Transportation Service,Airport Related,Airport
611,150105,Transportation Service,Airport Related,Airport Departure/Arrival
612,150106,Transportation Service,Airport Related,Heliport
613,150107,Transportation Service,Airport Related,Airport Freight Station
614,150200,Transportation Service,Railway Station,Railway Station
615,150201,Transportation Service,Railway Station,Waiting Room
616,150202,Transportation Service,Railway Station,Ticket Entrance
617,150203,Transportation Service,Railway Station,Exit
618,150204,Transportation Service,Railway Station,Platform
619,150205,Transportation Service,Railway Station,Sell Ticket
620,150206,Transportation Service,Railway Station,Get a Refund for a Ticket
621,150207,Transportation Service,Railway Station,Endorse the Ticket
622,150208,Transportation Service,Railway Station,Public Security Accreditation
623,150209,Transportation Service,Railway Station,Ticket Business Correlation
624,150210,Transportation Service,Railway Station,Freight Railway Station
625,150300,Transportation Service,Port & Marina,Port & Marina
626,150301,Transportation Service,Port & Marina,Passenger Port
627,150302,Transportation Service,Port & Marina,Ferry Terminal for Vehicle
628,150303,Transportation Service,Port & Marina,Ferry Terminal
629,150304,Transportation Service,Port & Marina,Freight Ports
630,150400,Transportation Service,Coach Station,Coach Station
631,150500,Transportation Service,Subway Station,Subway Station
632,150501,Transportation Service,Subway Station,Exit
633,150600,Transportation Service,Light Rail Station,Light Rail Station
634,150700,Transportation Service,Bus Station,Bus Station Related
635,150701,Transportation Service,Bus Station,Tourist Routes Bus Station
636,150702,Transportation Service,Bus Station,Common Bus Station
637,150703,Transportation Service,Bus Station,Airport Bus
638,150800,Transportation Service,Commuter Bus Station,Commuter Bus Station
639,150900,Transportation Service,Parking Lot,Parking Lot Related
640,150903,Transportation Service,Parking Lot,Park-and-Ride Place
641,150904,Transportation Service,Parking Lot,Public Parking Lot
642,150905,Transportation Service,Parking Lot,Reserved Parking Lot
643,150906,Transportation Service,Parking Lot,Roadside Parking Lot
644,150907,Transportation Service,Parking Lot,Parking Lot Entrance
645,150908,Transportation Service,Parking Lot,Parking Lot Exit
646,150909,Transportation Service,Parking Lot,Parking Lot Entrance & Exit
647,151000,Transportation Service,Border Crossing,Border Crossing
648,151100,Transportation Service,Taxi,Taxi
649,151200,Transportation Service,Ferry Station,Ferry Station
650,151300,Transportation Service,Ropeway Station,Ropeway Station
651,160000,Finance & Insurance Service,Finance & Insurance Service Institution,Finance & Insurance Institution
652,160100,Finance & Insurance Service,Bank,Bank
653,160101,Finance & Insurance Service,Bank,The People's Bank of China
654,160102,Finance & Insurance Service,Bank,China Development Bank
655,160103,Finance & Insurance Service,Bank,The Export-Import Bank of China
656,160104,Finance & Insurance Service,Bank,Bank of China
657,160105,Finance & Insurance Service,Bank,ICBC
658,160106,Finance & Insurance Service,Bank,China Construction Bank
659,160107,Finance & Insurance Service,Bank,Agricultural Bank of China
660,160108,Finance & Insurance Service,Bank,Bank of Communications
661,160109,Finance & Insurance Service,Bank,China Merchants Bank
662,160110,Finance & Insurance Service,Bank,Huaxia Bank
663,160111,Finance & Insurance Service,Bank,China CITIC Bank
664,160112,Finance & Insurance Service,Bank,China Minsheng Bank
665,160113,Finance & Insurance Service,Bank,China Everbright Bank
666,160114,Finance & Insurance Service,Bank,Bank of Shanghai
667,160115,Finance & Insurance Service,Bank,Shanghai Pudong Development Bank
668,160117,Finance & Insurance Service,Bank,Ping An Bank
669,160118,Finance & Insurance Service,Bank,Industrial Bank
670,160119,Finance & Insurance Service,Bank,Bank of Beijing
671,160120,Finance & Insurance Service,Bank,CGB
672,160121,Finance & Insurance Service,Bank,Rural Commercial Bank
673,160122,Finance & Insurance Service,Bank,Hong Kong Hang Seng Bank
674,160123,Finance & Insurance Service,Bank,Bank of East Asia
675,160124,Finance & Insurance Service,Bank,Citibank
676,160125,Finance & Insurance Service,Bank,Standard Chartered Bank
677,160126,Finance & Insurance Service,Bank,HSBC
678,160127,Finance & Insurance Service,Bank,ABN AMRO Bank
679,160128,Finance & Insurance Service,Bank,American Express Bank
680,160129,Finance & Insurance Service,Bank,AIG Private Bank
681,160130,Finance & Insurance Service,Bank,Bank of America
682,160131,Finance & Insurance Service,Bank,Bank of Montreal
683,160132,Finance & Insurance Service,Bank,Bank of New York
684,160133,Finance & Insurance Service,Bank,The Royal Bank of Scotland
685,160134,Finance & Insurance Service,Bank,Societe Generale Bank
686,160135,Finance & Insurance Service,Bank,Deutsche Bank
687,160136,Finance & Insurance Service,Bank,Bank of Tokyo-Mitsubishi UFJ
688,160137,Finance & Insurance Service,Bank,Barclays Bank
689,160138,Finance & Insurance Service,Bank,JPMorgan Chase Bank
690,160139,Finance & Insurance Service,Bank,Postal Savings Bank of China
691,160140,Finance & Insurance Service,Bank,DBS
692,160141,Finance & Insurance Service,Bank,Nanyang Commercial Bank
693,160142,Finance & Insurance Service,Bank,Shanghai Commercial Bank
694,160143,Finance & Insurance Service,Bank,Wing Hang Bank
695,160144,Finance & Insurance Service,Bank,Wing Lung Bank
696,160145,Finance & Insurance Service,Bank,Chong Hing Bank
697,160146,Finance & Insurance Service,Bank,Dah Sing Bank
698,160147,Finance & Insurance Service,Bank,China CITIC Bank International
699,160148,Finance & Insurance Service,Bank,Public Bank (Hong Kong)
700,160149,Finance & Insurance Service,Bank,Beijing Rural Commercial Bank
701,160150,Finance & Insurance Service,Bank,Shanghai Rural Commercial Bank
702,160151,Finance & Insurance Service,Bank,Guangzhou Rural Commercial Bank
703,160152,Finance & Insurance Service,Bank,Shenzhen Rural Commercial Bank
704,160200,Finance & Insurance Service,Bank Related,Bank Related
705,160300,Finance & Insurance Service,ATM,ATM
706,160301,Finance & Insurance Service,ATM,Bank of China ATM
707,160302,Finance & Insurance Service,ATM,ICBC ATM
708,160303,Finance & Insurance Service,ATM,China Construction Bank ATM
709,160304,Finance & Insurance Service,ATM,Agricultural Bank of China ATM
710,160305,Finance & Insurance Service,ATM,Bank of Communications ATM
711,160306,Finance & Insurance Service,ATM,China Merchants Bank ATM
712,160307,Finance & Insurance Service,ATM,Huaxia Bank ATM
713,160308,Finance & Insurance Service,ATM,China CITIC Bank ATM
714,160309,Finance & Insurance Service,ATM,China Minsheng Bank ATM
715,160310,Finance & Insurance Service,ATM,China Everbright Bank ATM
716,160311,Finance & Insurance Service,ATM,Bank of Shanghai ATM
717,160312,Finance & Insurance Service,ATM,Shanghai Pudong Development Bank ATM
718,160314,Finance & Insurance Service,ATM,Ping An Bank ATM
719,160315,Finance & Insurance Service,ATM,Industrial Bank ATM
720,160316,Finance & Insurance Service,ATM,Bank of Beijing ATM
721,160317,Finance & Insurance Service,ATM,CGB ATM
722,160318,Finance & Insurance Service,ATM,Rural Commercial Bank ATM
723,160319,Finance & Insurance Service,ATM,Hong Kong Hang Seng Bank ATM
724,160320,Finance & Insurance Service,ATM,Bank of East Asia ATM
725,160321,Finance & Insurance Service,ATM,Citibank ATM
726,160322,Finance & Insurance Service,ATM,Standard Chartered Bank ATM
727,160323,Finance & Insurance Service,ATM,HSBC ATM
728,160324,Finance & Insurance Service,ATM,ABN AMRO Bank ATM
729,160325,Finance & Insurance Service,ATM,American Express Bank ATM
730,160326,Finance & Insurance Service,ATM,AIG Private Bank ATM
731,160327,Finance & Insurance Service,ATM,Bank of America ATM
732,160328,Finance & Insurance Service,ATM,Bank of Montreal ATM
733,160329,Finance & Insurance Service,ATM,Bank of New York ATM
734,160330,Finance & Insurance Service,ATM,The Royal Bank of Scotland ATM
735,160331,Finance & Insurance Service,ATM,Societe Generale Bank ATM
736,160332,Finance & Insurance Service,ATM,Deutsche Bank ATM
737,160333,Finance & Insurance Service,ATM,Bank of Tokyo-Mitsubishi UFJ ATM
738,160334,Finance & Insurance Service,ATM,Barclays Bank ATM
739,160335,Finance & Insurance Service,ATM,JPMorgan Chase Bank ATM
740,160336,Finance & Insurance Service,ATM,Postal Savings Bank of China ATM
741,160337,Finance & Insurance Service,ATM,DBS ATM
742,160338,Finance & Insurance Service,ATM,Nanyang Commercial Bank ATM
743,160339,Finance & Insurance Service,ATM,Shanghai Commercial Bank ATM
744,160340,Finance & Insurance Service,ATM,Wing Hang Bank ATM
745,160341,Finance & Insurance Service,ATM,Wing Lung Bank ATM
746,160342,Finance & Insurance Service,ATM,Chong Hing Bank ATM
747,160343,Finance & Insurance Service,ATM,Dah Sing Bank ATM
748,160344,Finance & Insurance Service,ATM,China CITIC Bank International ATM
749,160345,Finance & Insurance Service,ATM,Public Bank (Hong Kong) ATM
750,160346,Finance & Insurance Service,ATM,Beijing Rural Commercial Bank ATM
751,160347,Finance & Insurance Service,ATM,Shanghai Rural Commercial Bank ATM
752,160348,Finance & Insurance Service,ATM,Guangzhou Rural Commercial Bank ATM
753,160349,Finance & Insurance Service,ATM,Shenzhen Rural Commercial Bank ATM
754,160400,Finance & Insurance Service,Insurance Company,Insurance Company
755,160401,Finance & Insurance Service,Insurance Company,The People's Insurance Company of China
756,160402,Finance & Insurance Service,Insurance Company,China Life Insurance Company
757,160403,Finance & Insurance Service,Insurance Company,Ping An Insurance Company of China
758,160404,Finance & Insurance Service,Insurance Company,China Reinsurance Company
759,160405,Finance & Insurance Service,Insurance Company,China Pacific Insurance Company
760,160406,Finance & Insurance Service,Insurance Company,New China Life Insurance Company
761,160407,Finance & Insurance Service,Insurance Company,Huatai Property Insurance Company Ltd.
762,160408,Finance & Insurance Service,Insurance Company,Taikang Life Insurance Company
763,160500,Finance & Insurance Service,Securities Company,Securities Company
764,160501,Finance & Insurance Service,Securities Company,Office of Securities Business
765,160600,Finance & Insurance Service,Finance Company,Finance Company
766,170000,Enterprises,Enterprises,Enterprises
767,170100,Enterprises,Famous Enterprise,Famous Enterprise
768,170200,Enterprises,Company,Company
769,170201,Enterprises,Company,Advertisement and Decoration
770,170202,Enterprises,Company,Construction Company
771,170203,Enterprises,Company,Medical Company
772,170204,Enterprises,Company,Machinery and Electronics
773,170205,Enterprises,Company,Chemical and Metallurgy
774,170206,Enterprises,Company,Network Science and Technology
775,170207,Enterprises,Company,Commercial Trade
776,170208,Enterprises,Company,Telecommunication Company
777,170209,Enterprises,Company,Mining Company
778,170300,Enterprises,Factory,Factory
779,170400,Enterprises,FarmingForestryAnimal Husbandry and Fishery Base,Other FarmingForestryAnimal Husbandry and Fishery Base
780,170401,Enterprises,FarmingForestryAnimal Husbandry and Fishery Base,Fishing Farm
781,170402,Enterprises,FarmingForestryAnimal Husbandry and Fishery Base,Farm
782,170403,Enterprises,FarmingForestryAnimal Husbandry and Fishery Base,Forest Farm
783,170404,Enterprises,FarmingForestryAnimal Husbandry and Fishery Base,Pasture
784,170405,Enterprises,FarmingForestryAnimal Husbandry and Fishery Base,Poultry Breeding Base
785,170406,Enterprises,FarmingForestryAnimal Husbandry and Fishery Base,Vegetable Planting Base
786,170407,Enterprises,FarmingForestryAnimal Husbandry and Fishery Base,Fruit Cultivation Base
787,170408,Enterprises,FarmingForestryAnimal Husbandry and Fishery Base,Flower Nurserey Base
788,180000,Road Furniture,Road Furniture,Road Furniture
789,180100,Road Furniture,Warning Sign,Warning Sign
790,180101,Road Furniture,Warning Sign,Camera
791,180102,Road Furniture,Warning Sign,Speed Sensor
792,180103,Road Furniture,Warning Sign,Railway Crossing
793,180104,Road Furniture,Warning Sign,Illegal Parking
794,180200,Road Furniture,Toll Gate,Toll Gate
795,180201,Road Furniture,Toll Gate,Expressway Toll Gate
796,180202,Road Furniture,Toll Gate,National and Provincial Road Toll Gate
797,180203,Road Furniture,Toll Gate,Tunnel & Bridge Toll Gate
798,180300,Road Furniture,Service Area,Expressway Service Area
799,180301,Road Furniture,Service Area,Expressway Filling Station Service Area
800,180302,Road Furniture,Service Area,Expressway Parking Area
801,180400,Road Furniture,Traffic Light,Traffic Light
802,180500,Road Furniture,Signpost,Signpost
803,190000,Place Name & Address,Place Name & Address,Place Name & Address
804,190100,Place Name & Address,Normal Place Name,Normal Place Name
805,190101,Place Name & Address,Normal Place Name,Country Name
806,190102,Place Name & Address,Normal Place Name,Provincial Place Name
807,190103,Place Name & Address,Normal Place Name,Municipal Place Name
808,190104,Place Name & Address,Normal Place Name,Prefecture-level Place Name
809,190105,Place Name & Address,Normal Place Name,District/County-level Place Name
810,190106,Place Name & Address,Normal Place Name,Township-level Place Name
811,190107,Place Name & Address,Normal Place Name,Subdistrict-level Place Name
812,190108,Place Name & Address,Normal Place Name,Village-level Place Name
813,190109,Place Name & Address,Normal Place Name,Village Team-level Place Name
814,190200,Place Name & Address,Natural Place Name,Natural Place Name
815,190201,Place Name & Address,Natural Place Name,Gulf and Strait
816,190202,Place Name & Address,Natural Place Name,Island
817,190203,Place Name & Address,Natural Place Name,Mountain
818,190204,Place Name & Address,Natural Place Name,River
819,190205,Place Name & Address,Natural Place Name,Lake
820,190300,Place Name & Address,Transportation Place Name,Transportation Place Name
821,190301,Place Name & Address,Transportation Place Name,Road Name
822,190302,Place Name & Address,Transportation Place Name,Name of Intersection
823,190303,Place Name & Address,Transportation Place Name,Name of Roundabout
824,190304,Place Name & Address,Transportation Place Name,Expressway Exit
825,190305,Place Name & Address,Transportation Place Name,Expressway Entrance
826,190306,Place Name & Address,Transportation Place Name,Motorway Interchange
827,190307,Place Name & Address,Transportation Place Name,Bridge
828,190308,Place Name & Address,Transportation Place Name,Urban Expressway Exit
829,190309,Place Name & Address,Transportation Place Name,Urban Expressway Entrance
830,190310,Place Name & Address,Transportation Place Name,Tunnel
831,190311,Place Name & Address,Transportation Place Name,Railway
832,190400,Place Name & Address,Address Sign,Address Sign
833,190401,Place Name & Address,Address Sign,Placename Sign
834,190402,Place Name & Address,Address Sign,Road Name Sign
835,190403,Place Name & Address,Address Sign,Building Number
836,190500,Place Name & Address,City Center,City Center
837,190600,Place Name & Address,Landmark Buildings,Landmark Buildings
838,190700,Place Name & Address,The hot names,The hot names
839,200000,Public Facility,Public Facility,Public Facility
840,200100,Public Facility,Newsstand,Newsstand
841,200200,Public Facility,Public Phone,Public Phone
842,200300,Public Facility,Public Toilet,Public Toilet
843,200301,Public Facility,Public Toilet,Male Toilet
844,200302,Public Facility,Public Toilet,Female Toilet
845,200303,Public Facility,Public Toilet,Wheelchair Accessible
846,200304,Public Facility,Public Toilet,Room of Mother and Infant
847,200400,Public Facility,Emergency Shelter,Emergency Shelter
848,220000,Incidents and Events,Incidents and Events,Incidents and Events
849,220100,Incidents and Events,Public Event,Public Event
850,220101,Incidents and Events,Public Event,Festival Celebration
851,220102,Incidents and Events,Public Event,Convention & Exposition
852,220103,Incidents and Events,Public Event,Sports Event
853,220104,Incidents and Events,Public Event,Art Performance
854,220105,Incidents and Events,Public Event,Conference
855,220106,Incidents and Events,Public Event,Operating Activities
856,220107,Incidents and Events,Public Event,Marketplace Activities
857,220200,Incidents and Events,Emergency,Emergency
858,220201,Incidents and Events,Emergency,Natural Disaster
859,220202,Incidents and Events,Emergency,Accident
860,220203,Incidents and Events,Emergency,City News
861,220204,Incidents and Events,Emergency,Public?Health?Event
862,220205,Incidents and Events,Emergency,Public Social Event
863,970000,Indoor facilities,Indoor facilities,Indoor facilities
864,990000,Pass Facilities,Pass Facilities,Pass Facilities
865,991000,Pass Facilities,Gate of Buildings,Gate of Buildings
866,991001,Pass Facilities,Gate of Buildings,Main Gate of Buildings
867,991400,Pass Facilities,Gate of Street House,Gate of Street House
868,991401,Pass Facilities,Gate of Street House,Main Entrance of Street House Gate
869,991500,Pass Facilities,Virtual Gate,Virtual Gate
